{
  "hostname": "NitroV15",
  "total_time": 9.552550954000026,
  "timers": {
    "epochs": {
      "count": 3.0,
      "mean": 3.017166628333333,
      "median": 2.6556025869999758,
      "std_dev": 0.7316515042657447,
      "min": 2.536686593000013,
      "max": 3.8592107050000095,
      "total": 9.051499884999998,
      "percentage": 94.75479302426314
    },
    "microsteps": {
      "count": 12.0,
      "mean": 0.4143356791666785,
      "median": 0.4134100890000241,
      "std_dev": 0.033602563840866656,
      "min": 0.3513467169999558,
      "max": 0.4762123570000085,
      "total": 4.972028150000142,
      "percentage": 52.04921883110354
    },
    "steps": {
      "count": 4.0,
      "mean": 1.2430125629999793,
      "median": 1.229480613000021,
      "std_dev": 0.47994839938819256,
      "min": 0.812621548999914,
      "max": 1.700467476999961,
      "total": 4.972050251999917,
      "percentage": 52.049450203852885
    }
  },
  "cuda_timers": {},
  "gpu_memory": [],
  "gpu_temperature": {}
}